{"trades":[{"tradeEntries":[{"itemId":"S_G_T_E","gender":"M","checkedin":"Y","acceptableTrades":["TE-49","TE-50","TE-51"],"name":"something good to eat","description":"fsfsf","id":"TE-48","user":"jojojf"},{"itemId":"T_I_G","gender":"F","checkedin":"Y","acceptableTrades":["TE-48","TE-50","TE-51"],"name":"this is great","description":"fafafafaf","id":"TE-49","user":"nwnw"},{"itemId":"NE_WS","gender":"M","checkedin":"Y","acceptableTrades":["TE-48","TE-49"],"name":"news","description":"afasfsf","id":"TE-50","user":"howf"},{"itemId":"afafa","gender":"F","checkedin":"N","acceptableTrades":["TE-48","TE-49","TE-50"],"name":"fasfasfsa","description":"affafsf","id":"TE-51","user":"bwfaa"}],"tradeId":"Trade1","startingId":52}]}