{
	"trades":
	[
		{
			"tradeEntries":
			[
				{"itemId":"CANDY_BAR","acceptableTrades":["TE-47"],"name":"Candy Bar","description":"Yummy Candy Bar","id":"TE-45","user":"Dean"},
				{"itemId":"GUMMY_WORM","acceptableTrades":["TE-45","TE-49"],"name":"Gummy Worm","description":"Icky Gummy Worm","id":"TE-47","user":"Dean"},
				{"itemId":"S_G_T_E","acceptableTrades":["TE-45","TE-47"],"name":"something good to eat","description":"fsfsf","id":"TE-48","user":"jojojf"},
				{"itemId":"T_I_G","acceptableTrades":["TE-47","TE-48"],"name":"this is great","description":"fafafafaf","id":"TE-49","user":"nwnw"}
			],
			"tradeId":"Trade1",
			"startingId":49
		}
	]
}